Name,PosX,PosY,PosZ,RotX,RotY,RotZ,ScaleX,ScaleY,ScaleZ
Path,-10,0.5,0,0,270,0,1,1,1
Path,3.5,0.5,0,0,90,0,1,1,1
Path,3.43,0.5,0,0,270,0,1,1,1
Path,16.93,0.5,0,0,90,0,1,1,1
Path,23.65,0.5,-1,0,98.99999,0,1,1,1
Path,30.52,0.5,-0.74,0,87.99999,0,1,1,1
Path,30.71,0.5,-0.13,0,280,0,1,1,1
Plane,0,0,0,0,0,0,50,1,50
Plane,50,0,0,0,0,0,50,1,50
Plane,50,1,0,0,0,20,10,1,50
Plane,59.5,2.65,0,0,0,0,10,1.05,50
Plane,69,1,0,0,0,340,10,1,50
Plane,100,0,0,0,0,0,50,1,50
